{
  "IcoMoonType": "selection",
  "icons": [
    {
      "icon": {
        "paths": [
          "M0 64v640h1024v-640h-1024zM960 640h-896v-512h896v512zM672 768h-320l-32 128-64 64h512l-64-64z"
        ],
        "tags": [
          "display",
          "screen",
          "monitor",
          "computer",
          "desktop",
          "pc"
        ],
        "defaultCode": 59734,
        "grid": 16,
        "attrs": []
      },
      "attrs": [],
      "properties": {
        "ligatures": "display, screen",
        "name": "display",
        "order": 14,
        "id": 87,
        "prevSize": 32,
        "code": 59734
      },
      "setIdx": 0,
      "setId": 1,
      "iconIdx": 86
    },
    {
      "icon": {
        "paths": [
          "M736 0h-448c-52.8 0-96 43.2-96 96v832c0 52.8 43.2 96 96 96h448c52.8 0 96-43.2 96-96v-832c0-52.8-43.2-96-96-96zM384 48h256v32h-256v-32zM512 960c-35.346 0-64-28.654-64-64s28.654-64 64-64 64 28.654 64 64-28.654 64-64 64zM768 768h-512v-640h512v640z"
        ],
        "tags": [
          "mobile",
          "cell-phone",
          "handheld"
        ],
        "defaultCode": 59736,
        "grid": 16,
        "attrs": []
      },
      "attrs": [],
      "properties": {
        "ligatures": "mobile, cell-phone",
        "name": "mobile",
        "order": 10,
        "id": 89,
        "prevSize": 32,
        "code": 59736
      },
      "setIdx": 0,
      "setId": 1,
      "iconIdx": 88
    },
    {
      "icon": {
        "paths": [
          "M992.262 871.396l-242.552-206.294c-25.074-22.566-51.89-32.926-73.552-31.926 57.256-67.068 91.842-154.078 91.842-249.176 0-212.078-171.922-384-384-384-212.076 0-384 171.922-384 384s171.922 384 384 384c95.098 0 182.108-34.586 249.176-91.844-1 21.662 9.36 48.478 31.926 73.552l206.294 242.552c35.322 39.246 93.022 42.554 128.22 7.356s31.892-92.898-7.354-128.22zM384 640c-141.384 0-256-114.616-256-256s114.616-256 256-256 256 114.616 256 256-114.614 256-256 256z"
        ],
        "tags": [
          "search",
          "magnifier",
          "magnifying-glass",
          "inspect",
          "find"
        ],
        "defaultCode": 59782,
        "grid": 16,
        "attrs": []
      },
      "attrs": [],
      "properties": {
        "ligatures": "search, magnifier",
        "name": "search",
        "order": 11,
        "id": 135,
        "prevSize": 32,
        "code": 59782
      },
      "setIdx": 0,
      "setId": 1,
      "iconIdx": 134
    },
    {
      "icon": {
        "paths": [
          "M960 320h-192v-96c0-88.366-171.922-160-384-160s-384 71.634-384 160v640c0 88.366 171.922 160 384 160s384-71.634 384-160v-96h192c35.346 0 64-28.654 64-64v-320c0-35.346-28.654-64-64-64zM176.056 258.398c-36.994-12.19-59.408-25.246-71.41-34.398 12.004-9.152 34.416-22.208 71.41-34.398 57.942-19.090 131.79-29.602 207.944-29.602s150.004 10.512 207.944 29.602c36.994 12.188 59.408 25.246 71.41 34.398-12.002 9.152-34.416 22.208-71.41 34.398-57.94 19.090-131.79 29.602-207.944 29.602s-150.002-10.512-207.944-29.602zM896 640h-128v-192h128v192z"
        ],
        "tags": [
          "mug",
          "drink",
          "glass",
          "beverage"
        ],
        "defaultCode": 59810,
        "grid": 16,
        "attrs": []
      },
      "attrs": [],
      "properties": {
        "ligatures": "mug, drink3",
        "name": "mug",
        "order": 12,
        "id": 163,
        "prevSize": 32,
        "code": 59810
      },
      "setIdx": 0,
      "setId": 1,
      "iconIdx": 162
    },
    {
      "icon": {
        "paths": [
          "M956.29 804.482l-316.29-527.024v-213.458h32c17.6 0 32-14.4 32-32s-14.4-32-32-32h-320c-17.6 0-32 14.4-32 32s14.4 32 32 32h32v213.458l-316.288 527.024c-72.442 120.734-16.512 219.518 124.288 219.518h640c140.8 0 196.73-98.784 124.29-219.518zM241.038 640l206.962-344.938v-231.062h128v231.062l206.964 344.938h-541.926z"
        ],
        "tags": [
          "lab",
          "beta",
          "beaker",
          "test",
          "experiment"
        ],
        "defaultCode": 59818,
        "grid": 16,
        "attrs": []
      },
      "attrs": [],
      "properties": {
        "ligatures": "lab, beta",
        "name": "lab",
        "order": 13,
        "id": 171,
        "prevSize": 32,
        "code": 59818
      },
      "setIdx": 0,
      "setId": 1,
      "iconIdx": 170
    }
  ],
  "height": 1024,
  "metadata": {
    "name": "icomoon"
  },
  "preferences": {
    "showGlyphs": true,
    "showQuickUse": true,
    "showQuickUse2": true,
    "showSVGs": true,
    "fontPref": {
      "prefix": "icon-",
      "metadata": {
        "fontFamily": "icomoon"
      },
      "metrics": {
        "emSize": 1024,
        "baseline": 6.25,
        "whitespace": 50
      },
      "embed": false,
      "autoHost": true
    },
    "imagePref": {
      "prefix": "icon-",
      "png": true,
      "useClassSelector": true,
      "color": 0,
      "bgColor": 16777215,
      "classSelector": ".icon"
    },
    "historySize": 50,
    "showCodes": true,
    "gridSize": 16,
    "quickUsageToken": {
      "UntitledProject": "MjJhYzEzMDIzOTM1OTkyZDljMDNmYzBjZDljNTIwNGYjMSMxNDk2MDgxMjg4IyMj"
    }
  }
}